Feature,Mean_IC,IC_Std,IC_IR
f171,0.06104030710970483,0.05518044637201722,1.106194314490288
f178,0.05176948554352428,0.04929750420297036,1.050143934851891
f176,0.05473249645583213,0.05389485980867922,1.015541862335439
f180,0.04744995442170836,0.04822174845320009,0.9839946933448979
f182,-0.05619359214290462,0.06401045809380464,-0.8778812874880916
f317,0.043054794913998023,0.05210713238734675,0.82627434438725
f179,0.036394165747533826,0.04902394530089993,0.7423751413804374
f284,-0.04832344807342682,0.06831257313326267,-0.707387217068904
f181,0.043649439023627785,0.06461522012199905,0.6755286476766226
f238,-0.03506042076454067,0.05469832005602594,-0.6409779005799496
f235,-0.037453015727127906,0.05888368190595076,-0.6360507385805223
f309,-0.03912015097598106,0.062299217667047095,-0.6279395819327868
f285,0.04415964169537986,0.07046989913129072,0.6266453616834831
f39,-0.036465265799701385,0.05876128248519137,-0.6205660947449567
f298,0.038300379013460936,0.06241063356210426,0.6136834492877578
f30,-0.04029710872479752,0.06955332834517808,-0.5793698718645501
f193,-0.0353073431698139,0.06385319407097008,-0.552945520644059
f255,-0.026717984031647386,0.04928189861233315,-0.5421458864716335
f300,-0.0315718282818612,0.05825284896615734,-0.541979034886566
f259,0.028429682887893253,0.05432665456629459,0.5233099273598996
f210,-0.031393037797929534,0.06089540179244037,-0.5155238608933539
f208,-0.029738534868720332,0.05771986665315701,-0.5152217328429404
f237,0.02824057116986803,0.05616656878585617,0.5028002734070666
f261,0.028381468319400513,0.05782711518052419,0.4907985349574184
f61,0.03779522686701444,0.07706154471734833,0.49045502657768036
f310,0.027869493123042238,0.05706035125821295,0.4884212526612922
f330,-0.028233266767240056,0.05798169654055882,-0.4869340426793162
f260,0.026117867003223362,0.05395435894229429,0.48407325514560556
f192,-0.030276970356370992,0.06406566070978978,-0.4725927321282912
f335,0.035749819844823755,0.07783621617441992,0.4592953898447426
f277,-0.022592432339667637,0.04977911818952176,-0.45385351574765476
f276,0.022225627801417853,0.049771305382033226,0.44655496104169684
f173,-0.022353393768122107,0.05115196653492532,-0.43699960944538974
f281,0.02640706870870046,0.06103704553069555,0.4326399509134306
f282,-0.037616698291705594,0.0869879389367672,-0.43243574255383027
f328,0.02595458679030663,0.06069621805632894,0.42761449304921484
f27,-0.031908923229021696,0.07569261330462107,-0.42155921985430306
f43,0.023333685452214353,0.05651088720717584,0.4129059456739859
f336,0.031163310963715867,0.07575003602069838,0.4113965944680829
f50,-0.030071952329716514,0.07456354280512108,-0.40330632324230065
f201,0.022603438621117144,0.05780925948051852,0.3910002465735085
f325,-0.023189293152160395,0.05977760327643568,-0.38792604590825325
f299,0.021234231599480423,0.05478701581338254,0.3875777391495788
f42,-0.024518560394136694,0.06430534116019548,-0.381283360587781
f324,0.022471782979290054,0.05939767989160164,0.3783275581979727
f318,0.027433171979154992,0.07261752587301883,0.37777613422638645
f239,-0.02677294826254543,0.07100570704993235,-0.3770534173145279
f264,0.024118463451167912,0.06450602541671416,0.3738946797049409
f287,0.024452407284690125,0.06561570017621347,0.37266086458596975
f35,0.02496634654591714,0.06790972393162412,0.36764017616465505
f100,0.018949067913299065,0.05156513516370471,0.36747822299619537
f331,-0.022339225099818446,0.06257264967740882,-0.3570125549239484
f267,0.016677685553287268,0.04674175769804859,0.35680476744108114
f327,0.02234849551750958,0.06287549224212634,0.3554404294290659
f334,-0.027030948381429516,0.07636137638196556,-0.353987134888026
f228,-0.02570073696212409,0.07299920977687183,-0.35206865279766725
f199,-0.019050484810719772,0.055024492417587084,-0.346218211409592
f135,-0.027297782356419446,0.08027975151392301,-0.3400331770004718
f243,0.02113174303290715,0.06243116571743035,0.3384806194993268
f222,-0.022274459934850447,0.06633919737072272,-0.3357661452054184
f321,0.02598021830827622,0.07861705873482255,0.3304653649185037
f206,-0.01936565263851341,0.05977844960761965,-0.3239570367926471
f216,-0.018101258578098457,0.05604284925113558,-0.3229895622738355
f240,0.024043462896823017,0.07452790519987756,0.3226101633507456
f114,0.022816273332008735,0.07077813718138667,0.3223632468583324
f258,0.01810489464187031,0.056481574903825285,0.32054508868153475
f108,0.01748060955399064,0.05481923149734856,0.31887726054794324
f166,-0.022428008668654825,0.0706352471385199,-0.31751861007134413
f283,0.02813106259468693,0.08945408024250197,0.3144748609977046
f33,-0.015988376758750606,0.05106307852313226,-0.31311025676615034
f223,0.01901532706173925,0.06096176278917528,0.31192214713801303
f116,-0.029105331164823344,0.09410554612302376,-0.3092838761483337
f244,-0.017815087157268532,0.05932748282543319,-0.3002838365290123
f54,0.02124239665679235,0.07093817449281149,0.29944939821436994
f124,0.016943174203722898,0.05699071823647238,0.2972970293241448
f46,0.018778768811345218,0.06356537521724653,0.295424447553732
f132,-0.01694068573369249,0.058623811357238605,-0.28897273056391654
f220,0.016883519596477985,0.05850133561901544,0.288600534189937
f314,0.017229277137972454,0.059738021109584545,0.2884138766871434
f117,-0.015815961015488666,0.05559441524959432,-0.28448825479321016
f195,-0.02271307426761494,0.08030167522195344,-0.2828467946200148
f329,-0.024369560979816515,0.08618772919444985,-0.28274974152455573
f268,0.01320662511143883,0.04686190906053583,0.2818199804062361
f143,0.021534939431681256,0.07751729845104435,0.2778081419749182
f145,-0.02841690484837534,0.10355013528540044,-0.27442650872245417
f313,0.014858912818853607,0.054295880212752654,0.27366551613078893
f90,0.012773266251015778,0.04701997793423326,0.2716560937633951
f139,0.016875684651621606,0.0627693317879366,0.2688523436908953
f169,-0.018213695320735888,0.06817391046742408,-0.26716514461624724
f130,0.019415040572997186,0.07268568719009869,0.26710950466939903
f47,0.015610203626604965,0.0585594088633577,0.26657033026625054
f68,0.016826909456358778,0.06316809802447013,0.26638298949590755
f311,0.021585720780046787,0.08214077296324869,0.26278932341933775
f351,0.021478518921599368,0.0819761386883894,0.2620093681546844
f269,-0.012118421444687931,0.04695283062435868,-0.25809772707129913
f266,0.018710274201602227,0.07337223277056892,0.2550048014766055
f11,-0.022783635622398296,0.08959276809978094,-0.25430214472224305
f0,-0.024505854458759337,0.09738869997348994,-0.25162931581525255
f373,-0.02403881237988473,0.09620072799805093,-0.2498817876051197
f38,0.016146498676720068,0.0656562737799022,0.24592465103336558
f172,0.012763283513572561,0.05275360577421034,0.24194139731009962
f211,0.016802587971847346,0.0699472178868766,0.24021806838466322
f82,-0.011286002717694489,0.047021980739997804,-0.24001541704388962
f5,-0.022851719191422877,0.0958310855407887,-0.23845829020807213
f6,0.02326718198846825,0.09850560723847172,0.23620157551158585
f203,0.014953423543994735,0.06437899861812983,0.23227172746154542
f230,-0.013516933576883342,0.0583125551630035,-0.23180138858750088
f319,0.019430692924112803,0.08406027457517862,0.2311518813231607
f122,-0.01668353710002785,0.07250576927324025,-0.23009941093323652
f289,-0.012788774060697759,0.055627449624476064,-0.22990037918378536
f74,-0.016741792146983247,0.07284758428539896,-0.2298194238425091
f125,0.011664597658108147,0.05076239473503636,0.22978812211505037
f219,-0.014052116117622382,0.06154640051512,-0.22831739495466144
f346,-0.017616317768314974,0.07730011403651584,-0.22789507763264644
f141,0.01159375972311379,0.050940372010725904,0.2275946756872108
f218,-0.014828517833457205,0.06535453271572206,-0.2268934525019632
f191,-0.01126508255556026,0.0501817780900117,-0.22448547539505648
f236,0.012458679086963655,0.05556972767015774,0.22419899048136516
f363,-0.015062826094669208,0.06817585740317476,-0.22094073267291903
f353,0.017341203913840093,0.07946361039379646,0.2182282134629985
f29,-0.0108924906435999,0.05030703278474875,-0.2165201936080032
f262,0.010450563779865519,0.048586802422218155,0.2150905412162129
f190,-0.010511457755715096,0.04952368262662817,-0.2122510903006299
f278,-0.011597374372935586,0.05508573616156509,-0.2105331266444278
f156,-0.017228587199553464,0.08275679353052437,-0.20818333314672793
f161,-0.015120832440201426,0.07294574507210262,-0.20728872331577577
f99,-0.011974797816995668,0.05795526534353497,-0.20662136010939477
f36,0.010490350190445334,0.05145160902907354,0.2038876596772902
f207,-0.012167582661098141,0.06008717692582504,-0.2024987902349045
f370,-0.013074986751320464,0.06527031645200654,-0.20032053556426657
f44,-0.01871411944867751,0.0941985048021178,-0.19866682068172875
f21,-0.015111542254574816,0.07608107863948588,-0.1986241591018976
f272,-0.02167840286151939,0.11007675375463898,-0.1969389553442953
f273,-0.011091443416491502,0.05657261150544846,-0.19605673418233402
f85,-0.012411565975331482,0.06361354396996197,-0.1951088282411036
f111,0.009635140849689645,0.049690837981504095,0.1939017191511007
f250,-0.010577223811298614,0.05477279101789328,-0.19311088012174557
f17,-0.014857542663995962,0.07755134140371761,-0.19158328507585146
f40,-0.016879861488864775,0.0887904758387777,-0.1901088988240764
f293,-0.011865157903009477,0.06344141697600793,-0.18702539442400318
f231,-0.01184337966532333,0.0635581120498065,-0.18633935810819613
f197,-0.01153489068615013,0.06222544544753333,-0.18537253931192213
f165,-0.017026491111526623,0.09250839708111784,-0.18405344604622373
f70,-0.012385316516738345,0.0674941999395412,-0.183501911168864
f233,-0.013550294271149201,0.07391133869054294,-0.1833317144283552
f119,-0.017964229919492498,0.09807904607583652,-0.18316071379808374
f263,0.009893893519040922,0.05460761832374428,0.181181527613403
f286,-0.012931499306370399,0.07159982425368396,-0.1806079502998996
f137,-0.013368339119844632,0.07415522151378151,-0.18027506417210998
f20,-0.015431132302128591,0.08600250249654443,-0.17942652899528505
f95,-0.018195951392551316,0.10225763611975751,-0.1779422085585796
f23,0.01651029664183092,0.09291095134312094,0.17770020246436005
f88,-0.013230996507388399,0.07446545777584423,-0.17767962657827266
f26,0.009528002484890115,0.05387393295936522,0.1768573444137303
f22,-0.010216644413859726,0.05812637013942217,-0.17576605302711162
f209,-0.010776429293443078,0.06138952771381009,-0.17554178928144673
f362,0.014919441188596404,0.08526898717221153,0.17496911753828542
f150,-0.01377236249558631,0.0790272075962973,-0.17427366057528504
f94,-0.00903670254256424,0.05190511410721236,-0.17410039370869293
f358,-0.013072844952510241,0.07514492853880969,-0.17396840301836938
f270,0.008770523758843187,0.050459533468752184,0.17381298275666054
f245,-0.013291567364895524,0.07711918116672545,-0.17235096950330084
f28,-0.01884863659683977,0.1107228204958083,-0.1702326115800782
f200,-0.009558109647514038,0.056905266712693095,-0.1679652608627424
f120,-0.008286045777437814,0.049411576215639,-0.16769438935387268
f16,-0.012904017114133946,0.07773796230263218,-0.16599374452293272
f155,-0.011947815174447393,0.07254809655141181,-0.16468817371519512
f332,-0.013359750087232279,0.08137788565804796,-0.1641692744596186
f57,-0.017471120966026776,0.10674637816929514,-0.163669434307401
f12,-0.011847216227002662,0.07270357645220454,-0.1629522944482394
f369,-0.012502852631415944,0.07725076258404401,-0.1618476063500028
f129,0.0076487332245714365,0.04763167094350858,0.16058079566083075
f290,-0.011709085106965209,0.07408170333080179,-0.1580563485982011
f315,-0.008989648820260033,0.056881857744690276,-0.15804067581974196
f229,0.011688082010874755,0.07443279453707355,0.15702863923464214
f93,0.009196258079820083,0.0591720525762268,0.155415540365409
f51,-0.007787364250263009,0.050498014671224355,-0.154211264717064
f96,0.007624130880273183,0.050051910718066084,0.1523244417176038
f372,-0.014167325090427561,0.09330743103198003,-0.15183489048394197
f279,-0.00754969699349171,0.049955434964334106,-0.1511286106826162
f128,0.011951978468559875,0.07933293286945373,0.15065593228058421
f140,0.00771939282895305,0.0520427514929803,0.14832788667438923
f295,-0.011964446760157843,0.08105781861241157,-0.1476038399371316
f301,-0.00867006206371504,0.059059226706427916,-0.14680281268808548
f107,0.011283480494025382,0.07708698675099313,0.14637333103627514
f291,0.010850482722230896,0.07460438089393669,0.14544026956344666
f162,-0.011120351081574888,0.077555106878633,-0.14338642670060403
f127,0.007227950691266953,0.051193192514458585,0.14118965675619824
f355,0.010784822773675318,0.07658690040101615,0.14081809433498477
f361,-0.011713788652816989,0.08380018273382894,-0.13978235933207228
f72,-0.012557326897804772,0.09054310219998364,-0.13868892500700944
f174,-0.006957603835847657,0.050419011731362616,-0.13799561349917572
f83,0.008739232794459994,0.06371613360920998,0.1371588470272197
f316,-0.009749374955543845,0.07112414820780262,-0.13707543542461637
f213,-0.006946734403125149,0.051592619866990326,-0.13464586746274326
f71,0.006751684356797537,0.05047914533907864,0.1337519281264735
f225,-0.008128630201202776,0.06108185076593654,-0.13307764529884558
f338,-0.009948068515171956,0.07718586539121677,-0.1288845720120443
f102,-0.0064046413845354885,0.04974865497665234,-0.12873996493255177
f63,0.008899466219351325,0.06937389712699343,0.12828261500480687
f105,-0.010033181285697,0.07913388391233483,-0.12678740789391507
f205,-0.007672615250628296,0.06064366323162136,-0.1265196324985732
f177,0.0064251843136323905,0.051060763300976066,0.1258340580891588
f308,-0.007356866848664895,0.05874053063073537,-0.12524343102173444
f55,-0.013661436952762118,0.10986454357680346,-0.12434799494462755
f379,-0.007115220747777385,0.05733850040503723,-0.12409148227806609
f136,-0.005979592723807997,0.04820199589871412,-0.12405277772822963
f148,-0.006124964160050451,0.04976030332379954,-0.12308934069997066
f194,-0.006878289762452647,0.05609524307725766,-0.12261803602132723
f352,0.01172324721792265,0.09629701121335407,0.12174049695627469
f76,-0.00806973699993711,0.06631263736655892,-0.1216922762158736
f215,-0.007026769866712413,0.05819785310325298,-0.12073931055244622
f58,-0.006807385642022786,0.05644085675692882,-0.12061093376435601
f322,-0.007383604115872792,0.061268582373069175,-0.12051205731826606
f19,0.006608050989824022,0.055102650937762204,0.1199225387189148
f247,-0.0074714677835726485,0.06304051128419405,-0.11851849622071489
f10,-0.00956071661103343,0.08069108488793357,-0.11848539946460843
f224,-0.007200214561745042,0.060819587565760835,-0.11838642230343356
f8,-0.011297690122170937,0.09638897151656503,-0.1172093526087249
f265,0.008386415416116177,0.07192746659037319,0.11659543492505367
f34,-0.013169692757755055,0.11344208340583745,-0.1160917641976217
f86,-0.011243277539495163,0.09730597007129242,-0.11554559679947356
f241,0.007492514008872173,0.06485097278499923,0.11553431709295975
f305,-0.007363486495758331,0.06418267909992974,-0.11472698634196667
f271,-0.012682800281554295,0.11054790829034027,-0.11472672192925884
f7,-0.00911191667888502,0.07975256844739034,-0.11425231454925054
f3,0.005570089897278015,0.04886756923832949,0.11398333995863441
f349,0.01147111418568826,0.10222238114083351,0.11221723594671457
f320,0.007087294230794755,0.0634994362437029,0.11161190608804068
f251,0.006267046757947184,0.05665532382219062,0.11061706524607084
f296,-0.008573879278885215,0.07852614686995268,-0.10918501071030934
f146,-0.006710383931494487,0.06232977924218394,-0.10765933934769334
f66,0.005326812978314237,0.049987467797024905,0.10656294762348005
f25,0.008902935456549252,0.08477797388035263,0.10501471076634691
f292,-0.008138848303676628,0.07754143384300491,-0.1049612684560663
f214,-0.005399374931913121,0.05181620172457156,-0.10420242530684087
f32,-0.007679537138440311,0.07389383347319879,-0.10392661658241759
f274,0.005726770258753183,0.05539409961058981,0.10338229640319706
f202,0.006746296852432033,0.06573853993639774,0.10262314667663186
f87,-0.0052281126749740905,0.05099411385991609,-0.10252382586934974
f45,-0.007314534429319638,0.07138991421377003,-0.10245891853613673
f170,-0.010168199667212257,0.09970058440336192,-0.10198735251341073
f73,-0.005062845540392254,0.04973324796679642,-0.10179999757450796
f164,-0.00749406070366105,0.07409410908949596,-0.10114244957294398
f381,-0.004963135752049713,0.04913314687923655,-0.10101398052334618
f350,0.010388771829786767,0.10395509179552695,0.09993518019174104
f366,-0.007171670001414227,0.07200297919288377,-0.09960239264792942
f109,0.005122135127317938,0.05199528189443212,0.09851151788353434
f89,0.00499835154837317,0.050849246804879775,0.09829743564498862
f253,-0.008106940338934717,0.08375346983532231,-0.09679526575940174
f13,-0.004607045873500834,0.0486437007556913,-0.09471000057210502
f52,-0.005729304061705927,0.06143007606856345,-0.09326544089994154
f24,-0.007701867355614618,0.0832829839065268,-0.09247827190577296
f337,-0.006694335355080472,0.07271035036763152,-0.09206852120156168
f186,-0.004626166312057356,0.05065992064040842,-0.09131805459613751
f18,-0.008312193920105244,0.09105391679442057,-0.0912886924566397
f79,0.00467143759848653,0.05128127510428661,0.09109439416322357
f160,-0.0050990177191489825,0.05665804920710398,-0.0899963357465243
f62,0.008142049536858445,0.09066005680286267,0.08980855435020872
f59,0.004623566273288392,0.051831666704715576,0.08920348650167718
f257,-0.005790935959222444,0.06641985199574343,-0.08718681107156713
f151,0.004302847896535876,0.049943302827746054,0.08615463518362011
f212,-0.006233118152636218,0.07339535135405573,-0.08492523284363918
f163,-0.006595433643437853,0.07887316867142646,-0.08362074097347358
f15,0.0071433293046473225,0.08556360028562476,0.0834855995533822
f347,0.005533534147945822,0.06682607771061064,0.08280499932763846
f138,0.0043046768480812245,0.05214810309397116,0.08254712572867547
f365,-0.0065028801266914255,0.08177189784795763,-0.07952462279322794
f53,-0.005058775097650484,0.06446176804943357,-0.07847712630221089
f341,-0.005839381732974915,0.07474508451870665,-0.07812394606730316
f342,0.005847148029766458,0.07545228265510956,0.07749463699524173
f167,-0.005865003217668591,0.07735747469875548,-0.07581688107502475
f376,-0.0038988431940216645,0.0520838013605961,-0.07485710227749051
f288,-0.004540133559177192,0.06084625872948935,-0.07461646628426373
f187,-0.003951003938040015,0.053372338357382074,-0.07402717061621557
f380,0.003565191990300066,0.048868465525606156,0.07295484362781018
f246,-0.005542980373917451,0.07780242639105424,-0.07124430327679027
f374,-0.0034636210626508707,0.04921316626493559,-0.07037995361251864
f326,0.006140942436567141,0.08739302623399346,0.07026809802241984
f37,-0.006130718063182324,0.08825824294547045,-0.06946339700345226
f56,0.0035648155129995108,0.05151530612585,0.06919913884039455
f97,0.004558224027828791,0.06608511214234124,0.06897504128101327
f134,-0.0034718065466872237,0.05098943520985184,-0.06808872958704842
f304,-0.003320933459359746,0.04914810664868589,-0.06756990269022933
f371,-0.004482452874160308,0.06733637278733803,-0.06656806749356889
f112,-0.004239452613523984,0.06403624557364174,-0.06620394299364694
f142,0.0032964458181561646,0.04981305672600563,0.06617632751438705
f248,-0.004023985544770072,0.06127493137448613,-0.0656709815547142
f367,-0.00450397951585293,0.0698509453107545,-0.06447985565573906
f91,-0.00440713619495988,0.06847332944695528,-0.06436280500637752
f77,-0.0030486507451141114,0.04774884343602978,-0.06384762199993886
f357,0.004812461104220384,0.07747994757942872,0.0621123353002211
f106,0.0053366614693648754,0.09046779947916088,0.05898961741296685
f147,0.0030189825514346956,0.05199372423472266,0.058064353250829724
f378,0.003293342789674136,0.057130397410931316,0.05764605818378933
f345,-0.004449425333666678,0.07877204043826518,-0.0564848230928527
f217,0.003720955125011981,0.06669029571661247,0.05579454292537597
f103,0.003930691379144631,0.07136893650520748,0.05507565365081892
f78,0.003625513162523533,0.06587568988050786,0.055035668222119284
f254,-0.004690413321878823,0.08593698429914183,-0.054579676193372076
f80,-0.004172542293820427,0.07767700593566301,-0.053716562660908455
f118,0.002716749030471685,0.05162748074260918,0.05262213970491304
f152,-0.0046905670420205985,0.08928881869188635,-0.052532518465513586
f221,0.0035190208100475237,0.06706951765773334,0.05246825097689158
f69,0.002500002763948574,0.04800078783894698,0.05208252521836454
f115,0.0025244159894339513,0.04892179952447591,0.05160103467086533
f184,-0.0029902284716894867,0.05887144520287902,-0.05079250141490054
f113,0.002439322033299875,0.0490581459789194,0.04972306815502945
f121,-0.0024250151338200553,0.049031109403426275,-0.0494586940564648
f275,0.002587085361005385,0.05280125636235102,0.04899665366454277
f31,-0.0045710931712608285,0.09462753796177557,-0.04830615681923095
f1,0.0045219417880110815,0.09632362918919314,0.04694529635793093
f256,0.0023106281394198744,0.04924298112759336,0.04692298510934913
f48,0.0026359955267512493,0.05730716062527695,0.04599765610463708
f123,-0.0022023491694704855,0.04795440537760402,-0.04592588924562389
f280,0.0022679726477033008,0.049858353798719855,0.04548830877922898
f306,-0.002786437162969527,0.06212303049560851,-0.04485352199022681
f175,-0.002235126787009824,0.050881410800718924,-0.043928152001963025
f189,-0.002218785037951649,0.05058360536115378,-0.04386371005927718
f60,-0.002516287497010929,0.05913276860693856,-0.042553175350289914
f204,-0.002894648805411533,0.06843332415202667,-0.042298813016781935
f185,-0.0023934851851410504,0.05715780914246583,-0.0418750263927196
f344,-0.0031598964314363213,0.07576670232279695,-0.04170560308825174
f303,-0.0020235467581749653,0.04860523088457,-0.041632275066398265
f110,-0.004123895128333737,0.10007791899443026,-0.04120683920790615
f312,0.003466007467227817,0.0864092254522128,0.040111539572001365
f126,-0.004055273386642839,0.10395523294170006,-0.03900980144808192
f188,-0.0019397668008658813,0.05078615640673914,-0.038194786850627126
f360,0.0032554644734159193,0.08589332585935269,0.03790124624739954
f307,-0.0021764486808659345,0.05862240901988747,-0.037126558699796766
f227,-0.0023636830216506866,0.06382941455751233,-0.03703124441488476
f343,0.0026544427389799978,0.07598486605078164,0.03493382995329229
f101,-0.003416834189845544,0.10140659665967755,-0.03369439430423407
f144,-0.001721875180180861,0.05138012237723245,-0.03351247068689644
f64,-0.0017054416217676905,0.050954629406410226,-0.033469800623358775
f323,-0.0021991881578133864,0.06949974056274047,-0.03164310864436964
f2,0.0028350884506242987,0.092658603603448,0.030597138683270776
f348,-0.0026027744202305695,0.08650624393635842,-0.03008770235439161
f383,0.0013813768379563687,0.04649653278358216,0.029709237617643484
f154,0.0020848246562513518,0.0763524987824972,0.027305254136315564
f149,-0.0013679662778018228,0.05039856938761013,-0.02714295312335967
f153,-0.0019654787434035636,0.0737906867680125,-0.026635861016230146
f356,-0.0021108344659003585,0.07943877389514976,-0.026571837613808665
f41,-0.0012957133734228653,0.05062370608836875,-0.02559498736049065
f377,0.0013812010988133588,0.055553465171403964,0.02486255080446037
f81,0.0012716538475260454,0.05128495974867095,0.024795838893109618
f133,-0.0012576538681589543,0.05110411316784907,-0.02460963597845618
f84,0.0011948412266666593,0.04971357171136796,0.024034502957437
f157,-0.001360453262019053,0.05812950507221405,-0.023403829540448902
f297,0.001228274264888336,0.05998860341948316,0.020475123442166707
f333,-0.0016257640970947064,0.07944572341577803,-0.02046383143807478
f354,0.0014995813966791182,0.07470728916199007,0.020072756122899466
f368,-0.001526711044588999,0.0785912816751279,-0.019425956897361485
f375,0.0008868103417793032,0.049374559222973936,0.01796087248426405
f382,0.0008427460368730314,0.04737323373999496,0.017789494033771246
f92,-0.0008665797147826558,0.04944057852006879,-0.017527698207534404
f159,-0.0013205285955002939,0.0822275752106077,-0.016059435432988253
f65,-0.0014673971946803997,0.09326715131512962,-0.015733267465087537
f158,0.001579028205640969,0.108431618124777,0.014562431948581575
f364,0.001008288940528158,0.0732710715262973,0.01376107625989223
f14,0.0009880039181183137,0.07478921600226092,0.013210511338738094
f131,0.0006979181733877553,0.052835852554749596,0.013209175352527996
f252,-0.0006969049079901017,0.0576978983287662,-0.012078512517630535
f359,-0.000952017304755805,0.08333889144414146,-0.011423444373020708
f98,-0.0005484460227021693,0.048843941619683126,-0.011228535049182151
f196,-0.0008922710875376592,0.07992513828220815,-0.011163833996117646
f168,-0.0009041970592974251,0.08427015084065376,-0.010729741705455733
f232,-0.0005514513500828597,0.06304235860416778,-0.008747313311549702
f198,0.0005082757346527321,0.061576107060113364,0.008254429784140668
f339,-0.00060611114879895,0.07588643833827559,-0.007987080197733275
f294,-0.00047323306513165933,0.06287696893098353,-0.00752633274017666
f104,-0.0003593277667425979,0.048190861880861184,-0.007456345003073155
f183,0.00045561969554452875,0.06315920751333325,0.007213827426667296
f67,0.00039380215088004924,0.056361737817986035,0.006987046465482037
f75,0.0002961450350590046,0.05652948406877855,0.005238770308092436
f234,0.00030260955977396,0.07064302629066538,0.004283643168009558
f249,-0.00020014489440931714,0.05460034590506458,-0.0036656335126700563
f49,0.00020515289275973344,0.06709394502550486,0.003057695625213141
f242,0.00018521487683874097,0.061985265345026366,0.002988046367589499
f4,0.00024962958718616386,0.09990743731691915,0.002498608400976426
f9,6.12511415136469e-05,0.07251518489680227,0.0008446663020186949
f226,3.460868525480665e-05,0.06302064252609377,0.0005491641845580208
f340,3.826286240995154e-05,0.07316559385126974,0.0005229624358425564
f302,-7.888287814331817e-06,0.057375284391611055,-0.00013748579241251228
